Workbook

Sheet 1. Tham số
A1: THAM SỐ ĐẦU VÀO
A2: Ô nền vàng là ô được phép sửa. Sửa xong, toàn bộ các sheet khác tự tính lại.
A4: A. Mô hình Fama–French 5 nhân tố (Bảng CS.1, bản chốt 24/08/2026)
A5: Thành phần | B5: Hệ số tải b | C5: Phần bù λ (%/năm) | D5: Đóng góp (điểm %)
A6: Rf — lãi suất phi rủi ro (TPCP 10 năm, 21/08/2026) | B6: — | C6: — | D6: 4.56
A7: MKT — rủi ro thị trường | B7: 0.682 | C7: 8.13 | D7: =B7*C7
A8: SMB — quy mô | B8: -0.131 | C8: 1.71 | D8: =B8*C8
A9: HML — giá trị | B9: -0.116 | C9: 3.49 | D9: =B9*C9
A10: RMW — khả năng sinh lời | B10: 0.118 | C10: 3.47 | D10: =B10*C10
A11: CMA — cường độ đầu tư | B11: -0.17 | C11: 1.26 | D11: =B11*C11
A12: TỶ SUẤT SINH LỜI ĐÒI HỎI (Re) | D12: =SUM(D6:D11)
A13: Re = Rf + b_MKT×MRP + b_SMB×λ_SMB + b_HML×λ_HML + b_RMW×λ_RMW + b_CMA×λ_CMA. Bốn λ phi thị trường đã được thu hẹp một nửa về 0 vì không nhân tố nào có ý nghĩa thống kê vững. Hệ số tải suy từ đặc điểm danh mục, chưa hồi quy trên chuỗi nhân tố thật.
A15: B. Đối chiếu CAPM (cùng Rf và cùng phần bù thị trường)
A16: Re theo CAPM = Rf + b_MKT × MRP | D16: =D6+B7*C7
A17: Chênh lệch FF5 − CAPM (điểm %) | D17: =D12-D16
A18: Chênh lệch nhỏ vì bốn độ nghiêng nhân tố gần như triệt tiêu nhau: thưởng cho khả năng sinh lời bù lại phạt cho quy mô lớn, định giá đắt và cường độ đầu tư mạnh. Giá trị của việc đổi mô hình không nằm ở mức hạ ngưỡng mà ở chỗ biết mình đang cầm loại rủi ro gì.
A20: C. Kết quả kiểm định — 4 pha lưới lấy mẫu, 52 tháng, đã trừ phí 0,4%/vòng quay
A21: Pha lưới (ngày cuối) | B21: Quỹ — CAGR (%) | C21: VN-Index (%) | D21: Vượt chỉ số (điểm %) | E21: Sụt giảm tối đa (%) | F21: Alpha tháng (%) | G21: Thống kê t
A22: Pha 0 — 2026-08-24 | B22: 7.65 | C22: 8.32 | D22: =B22-C22 | E22: -36.1 | F22: 0.032 | G22: 0.04
A23: Pha 1 — 2026-08-17 | B23: 9.37 | C23: 8.09 | D23: =B23-C23 | E23: -32.47 | F23: 0.186 | G23: 0.24
A24: Pha 2 — 2026-08-10 | B24: 8.7 | C24: 7.71 | D24: =B24-C24 | E24: -25.35 | F24: 0.116 | G24: 0.2
A25: Pha 3 — 2026-08-03 | B25: 10.49 | C25: 9.23 | D25: =B25-C25 | E25: -23.89 | F25: 0.123 | G25: 0.22
A26: TRUNG BÌNH 4 PHA | B26: =AVERAGE(B22:B25) | C26: =AVERAGE(C22:C25) | D26: =AVERAGE(D22:D25) | E26: =AVERAGE(E22:E25) | F26: =AVERAGE(F22:F25) | G26: =AVERAGE(G22:G25)
A27: Biên độ (thấp nhất → cao nhất) | B27: =TEXT(MIN(B22:B25),"0.00")&" → "&TEXT(MAX(B22:B25),"0.00") | C27: =TEXT(MIN(C22:C25),"0.00")&" → "&TEXT(MAX(C22:C25),"0.00")
A28: Bốn pha khác nhau ở chỗ neo lưới lấy mẫu tháng vào tuần nào — chỉ lệch nhau một tuần. Chúng KHÔNG phải bốn quan sát độc lập vì dùng chung phần lớn dữ liệu; lấy trung bình loại được sự may rủi của một lần rút thăm, nhưng không nhân bốn lượng thông tin.

Sheet 2. Khoảng cách
A1: ĐO ĐƯỢC so với ĐÒI HỎI — khoảng cách và ý nghĩa
A4: Chỉ tiêu | B4: Giá trị (%/năm) | C4: Nguồn
A5: ① Tỷ suất ĐO ĐƯỢC của Quỹ (TB 4 pha) | B5: ='1. Tham số'!B26 | C5: Backtest 52 tháng, 4 pha lưới, đã trừ phí
A6: ② VN-Index mua & giữ (TB 4 pha) | B6: ='1. Tham số'!C26 | C6: Cùng kỳ, cùng phương pháp đo
A7: ③ Tỷ suất ĐÒI HỎI theo FF5 (Re) | B7: ='1. Tham số'!D12 | C7: Bảng CS.1 — ngưỡng bù đủ rủi ro đang mang
A8: ④ Tỷ suất phi rủi ro (TPCP 10 năm) | B8: ='1. Tham số'!D6 | C8: Không rủi ro, không công sức
A10: KHOẢNG CÁCH
A11: Alpha theo FF5 = ① − ③ | B11: =B5-B7 | C11: Âm = chưa bù đủ phần rủi ro đang mang
A12: Vượt chỉ số = ① − ② | B12: =B5-B6 | C12: Thống kê t từ 0,04 đến 0,24 → không phân biệt được với 0
A13: Phần bù trên lãi suất phi rủi ro = ① − ④ | B13: =B5-B8 | C13: Phần thưởng cho toàn bộ rủi ro và công sức bỏ ra
A15: Đọc đúng ba con số trên
A16: Alpha FF5 âm KHÔNG có nghĩa hệ thống thua lỗ. Nó có nghĩa: với đúng những rủi ro mà danh mục đang phơi nhiễm (beta thị trường 0,682, nghiêng vốn hoá lớn, nghiêng tăng trưởng, nghiêng doanh nghiệp sinh lời tốt, nghiêng mở rộng tài sản nhanh), một nhà đầu tư có thể kỳ vọng 9,67%/năm mà không cần chọn mã. Quỹ đạt thấp hơn thế.
A17: Nhưng khoảng cách −0,6 điểm phần trăm nằm gọn trong sai số. Thống kê t của alpha vượt chỉ số chỉ 0,04–0,24, và bản thân tỷ suất đo được dao động 7,65–10,49% tuỳ pha lưới. Kết luận trung thực: KHÔNG phân biệt được Quỹ với ngưỡng đòi hỏi, chứ không phải Quỹ chắc chắn dưới ngưỡng.
A18: Vì vậy sheet 4 chia hướng giải quyết làm hai nhóm: nhóm nâng tử số (tỷ suất đạt được) và nhóm hạ mẫu số (ngưỡng đòi hỏi). Nhóm thứ hai chắc chắn về mặt cơ học; nhóm thứ nhất thì không.

Sheet 3. Phân rã đòi hỏi
A1: TỶ SUẤT ĐÒI HỎI ĐẾN TỪ ĐÂU — và mỗi hệ số tải đáng bao nhiêu
A4: Thành phần | B4: Hệ số tải b | C4: Phần bù λ | D4: Đóng góp (điểm %) | E4: Nếu b tăng 0,10 | F4: Nếu b giảm 0,10 | G4: Độ nhạy |Δ| trên 0,10 b
A5: Rf — lãi suất phi rủi ro (TPCP 10 năm, 21/08/2026) | B5: — | C5: — | D5: ='1. Tham số'!D6 | E5: — | F5: — | G5: —
A6: MKT — rủi ro thị trường | B6: ='1. Tham số'!B7 | C6: ='1. Tham số'!C7 | D6: =B6*C6 | E6: =(B6+0.1)*C6 | F6: =(B6-0.1)*C6 | G6: =ABS(0.1*C6)
A7: SMB — quy mô | B7: ='1. Tham số'!B8 | C7: ='1. Tham số'!C8 | D7: =B7*C7 | E7: =(B7+0.1)*C7 | F7: =(B7-0.1)*C7 | G7: =ABS(0.1*C7)
A8: HML — giá trị | B8: ='1. Tham số'!B9 | C8: ='1. Tham số'!C9 | D8: =B8*C8 | E8: =(B8+0.1)*C8 | F8: =(B8-0.1)*C8 | G8: =ABS(0.1*C8)
A9: RMW — khả năng sinh lời | B9: ='1. Tham số'!B10 | C9: ='1. Tham số'!C10 | D9: =B9*C9 | E9: =(B9+0.1)*C9 | F9: =(B9-0.1)*C9 | G9: =ABS(0.1*C9)
A10: CMA — cường độ đầu tư | B10: ='1. Tham số'!B11 | C10: ='1. Tham số'!C11 | D10: =B10*C10 | E10: =(B10+0.1)*C10 | F10: =(B10-0.1)*C10 | G10: =ABS(0.1*C10)
A11: TỔNG — Re | D11: =SUM(D5:D10)
A13: Cột cuối trả lời câu hỏi quan trọng nhất của sheet này: ngưỡng đòi hỏi KHÔNG cố định, nó là hàm của những gì Quỹ đang nắm. Beta thị trường là đòn bẩy lớn nhất — mỗi 0,10 beta đáng 0,81 điểm phần trăm ngưỡng, tức lớn hơn cả khoảng cách hiện tại. Giữ tiền mặt cũng hạ beta hiệu dụng, nên tỷ trọng tiền mặt cao vừa hạ tỷ suất đạt được vừa hạ ngưỡng.
A14: Bốn nhân tố còn lại nhỏ hơn hẳn: 0,10 hệ số tải chỉ đáng 0,13–0,35 điểm phần trăm. Điều đó có nghĩa việc xoay danh mục sang mã giá trị hơn hay quy mô nhỏ hơn gần như không dịch được ngưỡng — chỉ beta mới dịch được.

Sheet 4. Hướng giải quyết
A1: CÁC ĐÒN BẨY ĐÓNG KHOẢNG CÁCH — kèm mức độ tin cậy
A2: Đòn bẩy chỉ đáng làm khi hiệu ứng trung bình lớn hơn biên độ nhiễu giữa các pha.
A4: Đòn bẩy | B4: Pha 0 | C4: Pha 1 | D4: Pha 2 | E4: Pha 3 | F4: Trung bình | G4: Δ so với hiện tại | H4: Thắng mấy pha | I4: Đánh giá
A5: Giảm số ô từ 10 xuống 5 | B5: 8.84 | C5: 10.11 | D5: 9.2 | E5: 14.48 | F5: =AVERAGE(B5:E5) | G5: =F5-'2. Khoảng cách'!B5 | H5: 4/4 | I5: Đo được ở 4/4 pha. NHƯNG bản đo cũ kết luận NGƯỢC LẠI (10 ô tốt nhất). Hai phép đo trái nhau ⇒ tham số này không đo được ở cỡ mẫu 52 tháng.
A6: Giảm số ô từ 10 xuống 6 | B6: 7.86 | C6: 13.29 | D6: 8.29 | E6: 12.54 | F6: =AVERAGE(B6:E6) | G6: =F6-'2. Khoảng cách'!B5 | H6: 3/4 | I6: Như trên, và yếu hơn: thắng 3/4 pha.
A7: Rà soát hằng quý thay vì hằng tháng | B7: 4.84 | C7: 12.1 | D7: 10.73 | E7: 18.99 | F7: =AVERAGE(B7:E7) | G7: =F7-'2. Khoảng cách'!B5 | H7: 3/4 | I7: Thắng 3/4 pha, sụt giảm nông hơn 5,3 điểm. NHƯNG biên độ 4,84–18,99% là rộng nhất bảng, và trái với bản chốt (Phần 3 quy định rà soát đầu mỗi tháng).
A8: Xếp hạng trên toàn rổ thay vì rổ đã lọc | B8: 10.36 | C8: 14.07 | D8: 9.38 | E8: 14.54 | F8: =AVERAGE(B8:E8) | G8: =F8-'2. Khoảng cách'!B5 | H8: 4/4 | I8: Hiệu ứng lớn nhất (+3,0 điểm) và thắng 4/4 pha, sụt giảm cũng nông hơn. NHƯNG trái trực tiếp với Bước 2 của bản chốt FF5.
A9: Cân bằng đều thay vì 1/biến động | B9: — | C9: — | D9: — | E9: — | F9: 9.29 | G9: =F9-'2. Khoảng cách'!B5 | H9: 0/4 | I9: CHỈ CÓ SỐ TRUNG BÌNH (đặt ở cột Trung bình), không lưu số theo pha. Lợi nhuận nhỉnh hơn 0,24 điểm nhưng sụt giảm SÂU HƠN ở 4/4 pha → đánh đổi xấu.
A10: Tắt hẳn quy tắc thoát số 3 | B10: 10.09 | C10: 6.66 | D10: 6.18 | E10: 13.55 | F10: =AVERAGE(B10:E10) | G10: =F10-'2. Khoảng cách'!B5 | H10: 2/4 | I10: Hiệu ứng trung bình +0,07 điểm, thắng 2/4 pha. Đây là nhiễu thuần tuý.
A12: ĐÒN BẨY PHÍA NGƯỠNG ĐÒI HỎI (hạ mẫu số)
A13: Thay đổi | B13: Ngưỡng mới (%) | C13: Δ ngưỡng | I13: Đánh giá
A14: Giảm beta thị trường 0,682 → 0,60 | B14: =('1. Tham số'!D6+0.60*'1. Tham số'!C7+'1. Tham số'!B8*'1. Tham số'!C8+'1. Tham số'!B9*'1. Tham số'!C9+'1. Tham số'!B10*'1. Tham số'!C10+'1. Tham số'!B11*'1. Tham số'!C11) | C14: =B14-'2. Khoảng cách'!B7 | I14: Hạ ngưỡng 0,67 điểm → ĐỦ để đảo dấu alpha FF5 (từ −0,62 thành +0,05) mà không cần cải thiện tỷ suất đạt được chút nào. Đạt bằng cách giữ nhiều tiền mặt hơn hoặc chọn mã beta thấp. Nhưng tiền mặt cũng kéo tỷ suất đạt được xuống — phải đo ròng.
A15: Giảm beta thị trường 0,682 → 0,55 | B15: =('1. Tham số'!D6+0.55*'1. Tham số'!C7+'1. Tham số'!B8*'1. Tham số'!C8+'1. Tham số'!B9*'1. Tham số'!C9+'1. Tham số'!B10*'1. Tham số'!C10+'1. Tham số'!B11*'1. Tham số'!C11) | C15: =B15-'2. Khoảng cách'!B7 | I15: Hạ ngưỡng 1,07 điểm → alpha FF5 thành +0,45. Beta 0,55 tương ứng danh mục phòng thủ hơn hẳn hoặc tỷ trọng tiền mặt cao hơn nữa.
A16: Nếu phần bù thị trường hạ 8,13 → 7,00 | B16: =('1. Tham số'!D6+'1. Tham số'!B7*7.00+'1. Tham số'!B8*'1. Tham số'!C8+'1. Tham số'!B9*'1. Tham số'!C9+'1. Tham số'!B10*'1. Tham số'!C10+'1. Tham số'!B11*'1. Tham số'!C11) | C16: =B16-'2. Khoảng cách'!B7 | I16: Không phải đòn bẩy — là rủi ro giả định. Cho thấy ngưỡng nhạy thế nào với một tham số Quỹ không kiểm soát và cũng không đo được.
A19: KẾT LUẬN VỀ HƯỚNG GIẢI QUYẾT
A20: 1. Không đòn bẩy nào ở nhóm trên đáng tin. Đòn bẩy mạnh nhất (đổi phạm vi xếp hạng, +3,0 điểm) trái trực tiếp với bản chốt; hai đòn bẩy tiếp theo (số ô, chu kỳ rà soát) đều đã cho kết luận NGƯỢC LẠI ở phép đo trước, nên chúng đo cái nhiễu chứ không đo cái thật. Đổi tham số theo phép đo mới nhất chỉ là thay một lần rút thăm bằng một lần rút thăm khác.
A21: 2. Đòn bẩy duy nhất chắc chắn về mặt cơ học nằm ở phía ngưỡng: hạ beta. Mỗi 0,10 beta đáng 0,81 điểm phần trăm ngưỡng — lớn hơn cả khoảng cách hiện tại. Nhưng đây là con dao hai lưỡi: hạ beta bằng cách giữ tiền mặt cũng hạ tỷ suất đạt được, nên phải đo ròng chứ không được kết luận từ một vế.
A22: 3. Hướng đúng nhất lại không phải một đòn bẩy tham số: cỡ mẫu quá nhỏ. 52 tháng cho thống kê t khoảng 0,2. Muốn phân biệt được +0,7 điểm phần trăm với 0 ở mức tin cậy thông thường, cần khoảng 15–20 năm dữ liệu tháng, hoặc chuyển sang dữ liệu tuần để tăng số quan sát. Đó là việc đáng làm trước khi đổi bất kỳ tham số nào.
A23: 4. Việc nên làm ngay và không tốn gì: bổ sung chuỗi nhân tố Việt Nam tự dựng (xay_dung_factor_ff5_vn.py) để hồi quy hệ số tải THẬT thay vì suy từ đặc điểm danh mục. Hiện cả năm hệ số tải đều là ước lượng, nên bản thân ngưỡng 9,67% cũng có sai số chưa được đo. Có thể khoảng cách −0,6 điểm nhỏ hơn sai số của chính cái ngưỡng.

Sheet 5. Rủi ro–Lợi nhuận
A1: MỖI PHƯƠNG ÁN ĐÁNH ĐỔI THẾ NÀO
A2: Trục hoành: mức sụt giảm tối đa. Trục tung: tỷ suất. Góc trên-trái là tốt nhất.
A4: Phương án | B4: Sụt giảm tối đa (%) | C4: CAGR (%/năm) | D4: Vượt ngưỡng đòi hỏi
A5: Hệ thống hiện hành (rổ đã lọc, 10 ô, tháng) | B5: 29.4525 | C5: 9.0525 | D5: =C5-'2. Khoảng cách'!B7
A6: Xếp hạng toàn rổ | B6: 23.2275 | C6: 12.0875 | D6: =C6-'2. Khoảng cách'!B7
A7: Rà soát hằng quý | B7: 24.14 | C7: 11.67 | D7: =C7-'2. Khoảng cách'!B7
A8: Cân bằng đều | B8: 30.93 | C8: 9.29 | D8: =C8-'2. Khoảng cách'!B7
A9: Tắt quy tắc thoát 3 | B9: 23.6425 | C9: 9.12 | D9: =C9-'2. Khoảng cách'!B7
A11: Đọc biểu đồ theo thứ tự các dòng trong bảng bên trái. Điểm quan trọng: phương án 'xếp hạng toàn rổ' nằm cao hơn VÀ sang trái hơn hệ thống hiện hành, tức tốt hơn ở cả hai chiều — nhưng nó trái với bản chốt FF5, nên đây là thông tin để cân nhắc sửa bản chốt, không phải để lặng lẽ đổi code.

Sheet 6. Dữ liệu thô
A1: DỮ LIỆU THÔ — toàn bộ số dùng trong file này
A4: A. Kết quả theo pha, ba phạm vi xếp hạng
A5: Pha / phạm vi | B5: CAGR (%) | C5: Sụt giảm (%) | D5: Alpha tháng (%) | E5: Thống kê t | F5: VN-Index (%) | G5: Số mã qua lọc (trung vị)
A6: Pha 0 (2026-08-24) — A | B6: 10.36 | C6: -20.88 | D6: 0.205 | E6: 0.39 | F6: 8.32 | G6: 30
A7: Pha 0 (2026-08-24) — B1 | B7: 7.65 | C7: -36.1 | D7: 0.032 | E7: 0.04 | F7: 8.32 | G7: 30
A8: Pha 0 (2026-08-24) — B2 | B8: 7.1 | C8: -36.1 | D8: -0.011 | E8: -0.01 | F8: 8.32 | G8: 30
A9: Pha 0 (2026-08-24) — tat_qt3 | B9: 10.09 | C9: -20.88 | D9: 0.122 | E9: 0.28 | F9: 8.32 | G9: 30
A10: Pha 1 (2026-08-17) — A | B10: 14.07 | C10: -21.35 | D10: 0.508 | E10: 0.81 | F10: 8.09 | G10: 31
A11: Pha 1 (2026-08-17) — B1 | B11: 9.37 | C11: -32.47 | D11: 0.186 | E11: 0.24 | F11: 8.09 | G11: 31
A12: Pha 1 (2026-08-17) — B2 | B12: 9.22 | C12: -32.87 | D12: 0.175 | E12: 0.23 | F12: 8.09 | G12: 31
A13: Pha 1 (2026-08-17) — tat_qt3 | B13: 6.66 | C13: -23.43 | D13: -0.122 | E13: -0.24 | F13: 8.09 | G13: 31
A14: Pha 2 (2026-08-10) — A | B14: 9.38 | C14: -27.65 | D14: 0.146 | E14: 0.28 | F14: 7.71 | G14: 31
A15: Pha 2 (2026-08-10) — B1 | B15: 8.7 | C15: -25.35 | D15: 0.116 | E15: 0.2 | F15: 7.71 | G15: 31
A16: Pha 2 (2026-08-10) — B2 | B16: 8.08 | C16: -26.19 | D16: 0.073 | E16: 0.13 | F16: 7.71 | G16: 31
A17: Pha 2 (2026-08-10) — tat_qt3 | B17: 6.18 | C17: -27.65 | D17: -0.115 | E17: -0.23 | F17: 7.71 | G17: 31
... A21: Pha 3 (2026-08-03) — tat_qt3 | B21: 13.55 | C21: -22.61 | D21: 0.395 | E21: 0.59 | F21: 9.23 | G21: 30
A24: B. Độ nhạy số ô (CAGR %, phạm vi rổ đã lọc)
A25: Số ô | B25: Pha 0 | C25: Pha 1 | D25: Pha 2 | E25: Pha 3 | F25: Trung bình
A26: 5 | B26: 8.84 | C26: 10.11 | D26: 9.2 | E26: 14.48 | F26: =AVERAGE(B26:E26)
A27: 6 | B27: 7.86 | C27: 13.29 | D27: 8.29 | E27: 12.54 | F27: =AVERAGE(B27:E27)
A28: 8 | B28: 6.65 | C28: 11.08 | D28: 5.64 | E28: 12.96 | F28: =AVERAGE(B28:E28)
A29: 10 | B29: 7.65 | C29: 9.37 | D29: 8.7 | E29: 10.49 | F29: =AVERAGE(B29:E29)
A30: 12 | B30: 6.3 | C30: 7.1 | D30: 10.48 | E30: 8.28 | F30: =AVERAGE(B30:E30)
A31: 15 | B31: 6.4 | C31: 8.67 | D31: 8.92 | E31: 8.22 | F31: =AVERAGE(B31:E31)
A33: Bốn đường không cùng hình dạng — đó là toàn bộ vấn đề. Nếu số ô thật sự quan trọng thì bốn đường phải cùng dốc về một phía. Chúng không.
A35: C. Nguồn
A36: Kết quả kiểm định | B36: data/backtest_pha_luoi_20260826.json (lt_backtest_scope.js)
A37: Mô hình FF5 | B37: Bảng CS.1, Triet_ly_dau_tu_FF5.docx, ngày 24/08/2026
A38: Rf | B38: Lợi suất TPCP 10 năm ngày 21/08/2026
A39: Phần bù thị trường | B39: Damodaran, thị trường Việt Nam
A40: Bốn λ phi thị trường | B40: Trung bình ba nguồn thực nghiệm VN, đã thu hẹp một nửa về 0
A41: Giai đoạn kiểm định | B41: 04/2022 – 08/2026, 52 tháng, 112 mã HOSE, phí 0,4%/vòng quay
